"no_of_taxa","individuals_per_taxa","effective_population_size","species_birth_rate","tree_wide_sub_rate","no_of_sites","exponential_growth_rate","ado","amplification_error","sequencing_errors","Replicate","scSEQ_score","hapconsensus_score","vcfpseudobulk_score"
11,4,37322,3.5191208675853e-05,3.17134407397592e-06,26708,0.000203699654305819,0.182201034296304,0.011525735530071,0.00584179504076019,"r1",-1,-1,-1
11,4,37322,3.5191208675853e-05,3.17134407397592e-06,26708,0.000203699654305819,0.182201034296304,0.011525735530071,0.00584179504076019,"r2",-1,-1,-1
11,4,37322,3.5191208675853e-05,3.17134407397592e-06,26708,0.000203699654305819,0.182201034296304,0.011525735530071,0.00584179504076019,"r3",-1,-1,-1
11,4,37322,3.5191208675853e-05,3.17134407397592e-06,26708,0.000203699654305819,0.182201034296304,0.011525735530071,0.00584179504076019,"r4",-1,-1,-1
11,4,37322,3.5191208675853e-05,3.17134407397592e-06,26708,0.000203699654305819,0.182201034296304,0.011525735530071,0.00584179504076019,"r5",-1,-1,-1
11,4,37322,3.5191208675853e-05,3.17134407397592e-06,26708,0.000203699654305819,0.182201034296304,0.011525735530071,0.00584179504076019,"r6",-1,-1,-1
11,4,37322,3.5191208675853e-05,3.17134407397592e-06,26708,0.000203699654305819,0.182201034296304,0.011525735530071,0.00584179504076019,"r7",-1,-1,-1
11,4,37322,3.5191208675853e-05,3.17134407397592e-06,26708,0.000203699654305819,0.182201034296304,0.011525735530071,0.00584179504076019,"r8",-1,-1,-1
